ip,is_vpn,city,province,country
165.231.182.142,false,Tallinn,Harjumaa,Estonia
181.214.173.95,false,Berlin,State of Berlin,Germany
89.222.100.1,false,Ashburn,Virginia,United States
138.199.39.161,false,Tokyo,Tokyo,Japan
84.17.60.171,false,Paris,Île-de-France,France
185.246.209.145,false,Chicago,Illinois,United States
188.126.94.194,false,Glostrup,Capital Region,Denmark
95.134.63.5,false,Weiler bei Bingen,Rheinland-Pfalz,Germany
213.202.233.145,false,Essen,North Rhine-Westphalia,Germany
84.252.92.130,false,Singapore,,Singapore
102.129.153.9,false,Miami,Florida,United States
173.244.58.1,false,Tokyo,Tokyo,Japan
154.47.29.193,false,Zagreb,Zagreb,Croatia
37.46.113.223,false,Zwolle,Overijssel,Netherlands
45.133.193.2,false,Reykjanesbær,Southern Peninsula,Iceland
84.17.60.11,false,Paris,Île-de-France,France
146.70.52.77,false,Stockholm,Stockholm,Sweden
146.70.59.3,false,Madrid,Madrid,Spain
84.17.60.109,false,Paris,Île-de-France,France
84.239.18.76,false,Septèmes-les-Vallons,Provence-Alpes-Côte d'Azur,France
84.17.49.181,false,Frankfurt am Main,Hesse,Germany
84.17.51.208,false,London,England,United Kingdom
84.17.52.31,false,Zürich,Zurich,Switzerland
217.138.193.178,false,Dubai,Dubai,United Arab Emirates
84.17.60.12,false,Paris,Île-de-France,France
193.176.85.106,false,Bucharest,București,Romania
203.188.182.2,false,London,England,United Kingdom
194.32.122.4,false,Vilnius,Vilnius,Lithuania
173.239.194.3,false,Melbourne,Victoria,Australia
181.214.218.15,false,Brussels,Brussels Capital,Belgium
37.46.115.41,false,Belgrade,Central Serbia,Serbia
188.213.34.10,false,Bucharest,București,Romania
87.249.132.163,false,Frankfurt am Main,Hesse,Germany
45.134.213.161,false,Madrid,Madrid,Spain
138.199.63.59,false,London,England,United Kingdom
181.214.173.185,false,Berlin,State of Berlin,Germany
191.101.31.4,false,Paris,Île-de-France,France
84.17.60.5,false,Paris,Île-de-France,France
156.146.36.193,false,New York City,New York,United States
188.126.79.4,false,Stockholm,Stockholm,Sweden
191.101.217.8,false,Paris,Île-de-France,France
203.188.183.6,false,Paris,Île-de-France,France
173.239.194.2,false,Melbourne,Victoria,Australia
173.239.247.26,false,Singapore,,Singapore
84.17.56.160,false,Hong Kong,,Hong Kong
84.17.62.129,false,Madrid,Madrid,Spain
191.96.227.7,false,New York City,New York,United States
37.19.223.1,false,Vienna,Vienna,Austria
31.171.155.2,false,Tirana,Tirana,Albania
149.102.248.177,false,Johannesburg,Gauteng,South Africa
149.50.220.156,false,Marseille,Provence-Alpes-Côte d'Azur,France
185.253.162.145,false,Bucharest,București,Romania
185.253.162.130,false,Bucharest,București,Romania
146.70.38.62,false,Miami,Florida,United States
185.253.97.242,false,Oslo,Oslo,Norway
87.249.132.167,false,Frankfurt am Main,Hesse,Germany
138.199.54.1,false,Milan,Lombardy,Italy
87.249.132.169,false,Frankfurt am Main,Hesse,Germany
154.47.16.220,false,Bogotá,Bogota D.C.,Colombia
45.133.172.98,false,Manchester,England,United Kingdom
185.217.71.18,false,Milan,Lombardy,Italy
146.70.52.114,false,Stockholm,Stockholm,Sweden
151.240.205.7,false,New York City,New York,United States
154.47.18.50,false,Vienna,Vienna,Austria
146.70.22.66,false,Madrid,Madrid,Spain
173.244.49.2,false,Tokyo,Tokyo,Japan
185.152.66.225,false,Atlanta,Georgia,United States
203.188.182.65,false,London,England,United Kingdom
181.214.153.2,false,Vancouver,British Columbia,Canada
178.175.130.242,false,Chisinau,Chișinău Municipality,Moldova
188.213.34.2,false,Bucharest,București,Romania
82.102.27.90,false,Oslo,Oslo,Norway
84.17.48.151,false,Frankfurt am Main,Hesse,Germany
37.120.142.50,false,Madrid,Madrid,Spain
84.17.48.241,false,Frankfurt am Main,Hesse,Germany
84.17.51.121,false,London,England,United Kingdom
2.58.173.193,false,Frankfurt am Main,Hesse,Germany
196.245.54.30,false,Valencia,Valencia,Spain
181.215.176.97,false,London,England,United Kingdom
84.17.48.121,false,Frankfurt am Main,Hesse,Germany
191.101.209.129,false,London,England,United Kingdom
138.199.31.65,false,London,England,United Kingdom
191.96.227.6,false,New York City,New York,United States
138.199.31.91,false,London,England,United Kingdom
141.98.100.194,false,London,England,United Kingdom
216.24.213.5,false,Frankfurt am Main,Hesse,Germany
84.239.40.196,false,Bucharest,București,Romania
191.101.31.9,false,Paris,Île-de-France,France
156.146.51.193,false,Seattle,Washington,United States
188.241.177.146,false,Miami,Florida,United States
149.102.239.161,false,Bucharest,București,Romania
45.133.173.60,false,Manchester,England,United Kingdom
45.134.140.193,false,Atlanta,Georgia,United States
196.196.53.114,false,Riga,Riga,Latvia
5.181.233.66,false,Montréal,Quebec,Canada
173.239.217.2,false,Amsterdam,North Holland,Netherlands
191.101.217.9,false,Paris,Île-de-France,France
89.187.168.159,false,Vienna,Vienna,Austria
84.17.48.211,false,Frankfurt am Main,Hesse,Germany
84.17.52.61,false,Zürich,Zurich,Switzerland
196.245.54.15,false,Valencia,Valencia,Spain
84.239.18.63,false,Septèmes-les-Vallons,Provence-Alpes-Côte d'Azur,France
92.204.175.82,false,Strasbourg,Grand Est,France
84.17.49.211,false,Frankfurt am Main,Hesse,Germany
149.88.28.193,false,Paris,Île-de-France,France
98.159.40.1,false,Singapore,,Singapore
31.171.152.130,false,Tirana,Tirana,Albania
154.47.29.225,false,Zagreb,Zagreb,Croatia
146.70.52.194,false,Stockholm,Stockholm,Sweden
193.176.86.34,false,Frankfurt am Main,Hesse,Germany
89.187.162.67,false,Singapore,,Singapore
84.17.60.15,false,Paris,Île-de-France,France
173.244.32.2,false,Dallas,Texas,United States
155.2.195.1,false,Dublin,Leinster,Ireland
181.214.218.14,false,Brussels,Brussels Capital,Belgium
91.90.120.18,false,Montréal,Quebec,Canada
138.199.36.129,false,Frankfurt am Main,Hesse,Germany
191.101.31.7,false,Paris,Île-de-France,France
203.188.183.5,false,Paris,Île-de-France,France
188.215.235.34,false,Singapore,,Singapore
95.134.63.4,false,Frankfurt am Main,Hesse,Germany
146.70.123.146,false,Zaventem,Flanders,Belgium
87.249.132.26,false,Frankfurt am Main,Hesse,Germany
151.106.11.178,false,Strasbourg,Grand Est,France
185.217.71.130,false,Milan,Lombardy,Italy
87.249.132.182,false,Frankfurt am Main,Hesse,Germany
84.17.39.161,false,Singapore,,Singapore
185.253.160.130,false,Sofia,Sofia-Capital,Bulgaria
138.199.30.31,false,London,England,United Kingdom
154.47.18.202,false,Vienna,Vienna,Austria
146.70.12.2,false,Singapore,,Singapore
45.88.97.5,false,Frankfurt am Main,Hesse,Germany
196.196.53.34,false,Riga,Riga,Latvia
188.241.177.130,false,Miami,Florida,United States
95.181.234.130,false,Dubai,Dubai,United Arab Emirates
84.239.18.37,false,Septèmes-les-Vallons,Provence-Alpes-Côte d'Azur,France
146.70.65.2,false,Madrid,Madrid,Spain
87.249.132.168,false,Frankfurt am Main,Hesse,Germany
212.112.19.2,false,Stockholm,Stockholm,Sweden
176.125.230.130,false,Milan,Lombardy,Italy
102.165.48.3,false,Washington,District of Columbia,United States
37.120.142.146,false,Madrid,Madrid,Spain
84.17.56.129,false,Hong Kong,,Hong Kong
146.70.65.29,false,Madrid,Madrid,Spain
149.88.26.51,false,Tel Aviv,Tel Aviv,Israel
138.199.30.1,false,London,England,United Kingdom
185.253.160.145,false,Sofia,Sofia-Capital,Bulgaria
138.199.31.77,false,London,England,United Kingdom
146.70.52.210,false,Stockholm,Stockholm,Sweden
154.47.18.99,false,Vienna,Vienna,Austria
95.181.235.130,false,Dubai,Dubai,United Arab Emirates
62.133.47.145,false,Sofia,Sofia-Capital,Bulgaria
87.249.132.177,false,Frankfurt am Main,Hesse,Germany
181.214.173.65,false,Berlin,State of Berlin,Germany
84.17.60.6,false,Paris,Île-de-France,France
151.106.8.34,false,Strasbourg,Grand Est,France
181.214.218.12,false,Brussels,Brussels Capital,Belgium
86.106.74.242,false,Budapest,Budapest,Hungary
191.101.31.8,false,Paris,Île-de-France,France
77.81.142.218,false,Miami,Florida,United States
87.249.132.159,false,Frankfurt am Main,Hesse,Germany
143.244.52.60,false,Bucharest,București,Romania
87.249.132.183,false,Frankfurt am Main,Hesse,Germany
45.154.155.2,false,Dallas,Texas,United States
194.110.13.129,false,London,England,United Kingdom
79.127.175.1,false,Athens,Attica,Greece
179.61.197.125,false,Toronto,Ontario,Canada
146.70.22.34,false,Madrid,Madrid,Spain
95.134.63.2,false,Wiesbaden,Hesse,Germany
146.70.15.2,false,Johor Bahru,Johor,Malaysia
216.24.213.3,false,Frankfurt am Main,Hesse,Germany
221.121.135.57,false,Auckland,Auckland,New Zealand
37.19.217.200,false,Paris,Île-de-France,France
191.101.210.2,false,Sydney,New South Wales,Australia
191.101.209.65,false,London,England,United Kingdom
203.188.183.2,false,Paris,Île-de-France,France
84.17.51.91,false,London,England,United Kingdom
84.17.60.18,false,Paris,Île-de-France,France
98.159.40.129,false,Singapore,,Singapore
212.112.19.34,false,Glostrup,Capital Region,Denmark
138.199.27.17,false,Paris,Île-de-France,France
149.102.232.92,false,Bratislava,Bratislava Region,Slovakia
84.239.14.177,false,Bucharest,București,Romania
213.202.233.112,false,Waldshut-Tiengen,Baden-Wurttemberg,Germany
95.181.233.145,false,Milan,Lombardy,Italy
185.189.114.114,false,Budapest,Budapest,Hungary
191.96.150.5,false,New York City,New York,United States
216.24.213.4,false,Frankfurt am Main,Hesse,Germany
102.129.143.75,false,Hünenberg,Zug,Switzerland
45.88.97.3,false,Frankfurt am Main,Hesse,Germany
103.108.174.155,false,Singapore,,Singapore
176.125.228.156,false,Madrid,Madrid,Spain
156.146.49.161,false,Seattle,Washington,United States
84.17.60.73,false,Paris,Île-de-France,France
138.199.36.187,false,Frankfurt am Main,Hesse,Germany
84.239.49.20,false,Bucharest,București,Romania
78.138.99.178,false,Strasbourg,Grand Est,France
173.239.201.129,false,Singapore,,Singapore
185.136.160.210,false,Strasbourg,Grand Est,France
181.214.218.13,false,Brussels,Brussels Capital,Belgium
146.70.52.98,false,Stockholm,Stockholm,Sweden
181.214.218.16,false,Brussels,Brussels Capital,Belgium
173.239.217.15,false,Amsterdam,North Holland,Netherlands
87.101.94.66,false,Milan,Lombardy,Italy
5.181.233.2,false,Montréal,Quebec,Canada
191.96.168.4,false,Amsterdam,North Holland,Netherlands
146.70.121.194,false,Manchester,England,United Kingdom
173.239.200.129,false,Singapore,,Singapore
188.215.235.46,false,Singapore,,Singapore
191.101.217.5,false,Paris,Île-de-France,France
84.17.48.91,false,Frankfurt am Main,Hesse,Germany
194.36.108.82,false,Frankfurt am Main,Hesse,Germany
84.17.60.48,false,Paris,Île-de-France,France
154.47.20.205,false,Tokyo,Tokyo,Japan
79.127.175.60,false,Athens,Attica,Greece
91.90.126.146,false,Los Angeles,California,United States
84.17.60.16,false,Paris,Île-de-France,France
188.214.122.66,false,Bucharest,București,Romania
156.146.55.158,false,Sofia,Sofia-Capital,Bulgaria
151.240.205.6,false,New York City,New York,United States
62.133.46.17,false,Dubai,Dubai,United Arab Emirates
181.214.218.10,false,Brussels,Brussels Capital,Belgium
64.64.112.2,false,Singapore,,Singapore
84.17.56.33,false,Hong Kong,,Hong Kong
173.244.42.145,false,Singapore,,Singapore
173.244.33.2,false,Singapore,,Singapore
45.133.173.98,false,Manchester,England,United Kingdom
181.214.218.17,false,Brussels,Brussels Capital,Belgium
84.17.58.31,false,Milan,Lombardy,Italy
191.101.31.5,false,Paris,Île-de-France,France
84.17.51.25,false,London,England,United Kingdom
91.90.122.146,false,Zürich,Zurich,Switzerland
102.165.48.4,false,Washington,District of Columbia,United States
91.90.124.130,false,Dublin,Leinster,Ireland
37.19.223.31,false,Vienna,Vienna,Austria
181.214.218.6,false,Brussels,Brussels Capital,Belgium
188.241.177.2,false,Miami,Florida,United States
154.16.49.3,false,Washington,District of Columbia,United States
138.199.63.89,false,London,England,United Kingdom
212.32.50.4,false,Las Vegas,Nevada,United States
195.181.161.1,false,Prague,Prague,Czech Republic
87.249.132.180,false,Frankfurt am Main,Hesse,Germany
82.102.26.210,false,Madrid,Madrid,Spain
84.17.52.91,false,Zürich,Zurich,Switzerland
149.102.232.65,false,Bratislava,Bratislava Region,Slovakia
188.213.34.34,false,Bucharest,București,Romania
102.129.152.9,false,Miami,Florida,United States
87.249.132.164,false,Frankfurt am Main,Hesse,Germany
188.126.94.226,false,Glostrup,Capital Region,Denmark
195.80.150.210,false,Ljubljana,Ljubljana,Slovenia
87.249.132.1,false,Frankfurt am Main,Hesse,Germany
37.19.197.1,false,New York City,New York,United States
84.17.60.14,false,Paris,Île-de-France,France
140.228.21.3,false,Montréal,Quebec,Canada
178.175.142.130,false,Chisinau,Chișinău Municipality,Moldova
188.126.89.98,false,Espoo,Uusimaa,Finland
176.125.228.130,false,Madrid,Madrid,Spain
149.88.26.1,false,Tel Aviv,Tel Aviv,Israel
185.206.225.226,false,Oslo,Oslo,Norway
77.81.142.145,false,Miami,Florida,United States
173.239.220.2,false,Dallas,Texas,United States
146.70.39.2,false,Miami,Florida,United States
102.129.143.50,false,Hünenberg,Zug,Switzerland
154.16.49.5,false,Washington,District of Columbia,United States
138.199.59.154,false,Warsaw,Mazovia,Poland
62.133.46.130,false,Dubai,Dubai,United Arab Emirates
154.47.18.1,false,Vienna,Vienna,Austria
45.133.193.18,false,Reykjanesbær,Southern Peninsula,Iceland
176.125.230.146,false,Milan,Lombardy,Italy
37.120.142.34,false,Madrid,Madrid,Spain
212.56.53.5,false,Los Angeles,California,United States
146.70.11.2,false,Miami,Florida,United States
84.17.60.141,false,Paris,Île-de-France,France
173.244.42.128,false,Singapore,,Singapore
84.17.48.1,false,Frankfurt am Main,Hesse,Germany
84.17.47.1,false,Amsterdam,North Holland,Netherlands
141.98.100.216,false,London,England,United Kingdom
87.249.132.181,true,Frankfurt am Main,Hesse,Germany
87.249.132.174,false,Frankfurt am Main,Hesse,Germany
203.188.183.3,false,Paris,Île-de-France,France
216.24.213.6,false,Frankfurt am Main,Hesse,Germany
83.97.23.178,false,Frankfurt am Main,Hesse,Germany
89.187.182.1,false,Chicago,Illinois,United States
95.181.238.180,false,New York City,New York,United States
84.17.48.31,false,Frankfurt am Main,Hesse,Germany
37.19.223.111,false,Vienna,Vienna,Austria
154.47.27.163,false,Brussels,Brussels Capital,Belgium
185.225.28.2,false,Skopje,Grad Skopje,Macedonia
84.239.18.50,false,Septèmes-les-Vallons,Provence-Alpes-Côte d'Azur,France
149.34.242.223,false,Dublin,Leinster,Ireland
102.129.143.1,false,Hünenberg,Zug,Switzerland
37.19.197.31,false,New York City,New York,United States
46.246.3.141,false,Stockholm,Stockholm,Sweden
188.241.177.34,false,Miami,Florida,United States
87.101.94.114,false,Milan,Lombardy,Italy
154.16.49.4,false,Washington,District of Columbia,United States
102.129.252.143,false,Santa Clara,California,United States
191.96.168.2,false,Amsterdam,North Holland,Netherlands
84.17.58.1,false,Milan,Lombardy,Italy
45.134.212.193,false,Warsaw,Mazovia,Poland
203.188.182.33,true,London,England,United Kingdom
212.102.41.1,false,Dallas,Texas,United States
176.125.228.145,false,Madrid,Madrid,Spain
149.34.243.65,false,Dublin,Leinster,Ireland
84.239.18.89,false,Septèmes-les-Vallons,Provence-Alpes-Côte d'Azur,France
193.176.86.50,false,Frankfurt am Main,Hesse,Germany
102.129.145.2,false,Los Angeles,California,United States
95.181.238.168,false,New York City,New York,United States
151.106.12.242,false,Strasbourg,Grand Est,France
173.239.201.1,false,Singapore,,Singapore
102.129.145.4,false,Los Angeles,California,United States
138.199.35.159,false,Los Angeles,California,United States
191.101.217.7,false,Paris,Île-de-France,France
95.181.236.145,false,Sofia,Sofia-Capital,Bulgaria
91.90.124.146,false,Dublin,Leinster,Ireland
154.47.16.129,false,Bogotá,Bogota D.C.,Colombia
77.81.142.206,false,Miami,Florida,United States
188.241.80.130,false,Singapore,,Singapore
102.165.48.7,false,Washington,District of Columbia,United States
138.199.56.251,false,Prague,Prague,Czech Republic
185.217.71.146,false,Milan,Lombardy,Italy
87.249.132.175,false,Frankfurt am Main,Hesse,Germany
92.204.174.82,false,Strasbourg,Grand Est,France
165.231.182.129,false,Tallinn,Harjumaa,Estonia
138.199.63.30,false,London,England,United Kingdom
191.101.210.4,false,Sydney,New South Wales,Australia
84.17.60.13,false,Paris,Île-de-France,France
84.17.35.1,false,New York City,New York,United States
181.214.218.11,false,Brussels,Brussels Capital,Belgium
85.9.20.143,false,Bucharest,București,Romania
95.181.232.130,false,Madrid,Madrid,Spain
138.199.59.129,false,Warsaw,Mazovia,Poland
84.239.42.129,false,Sofiyivska Borschagivka,Kiev,Ukraine
87.249.132.178,false,Frankfurt am Main,Hesse,Germany
84.17.40.89,false,Miami,Florida,United States
102.129.143.25,false,Hünenberg,Zug,Switzerland
191.96.227.5,false,New York City,New York,United States
87.249.132.162,false,Frankfurt am Main,Hesse,Germany
91.90.126.130,false,Los Angeles,California,United States
138.199.36.224,false,Frankfurt am Main,Hesse,Germany
216.24.216.2,false,Frankfurt am Main,Hesse,Germany
84.239.49.132,false,Bucharest,București,Romania
84.239.14.132,false,Bucharest,București,Romania
89.187.168.129,false,Vienna,Vienna,Austria
154.16.49.2,false,Washington,District of Columbia,United States
191.101.217.4,false,Paris,Île-de-France,France
188.126.73.196,false,Solna,Stockholm,Sweden
154.16.105.2,false,Las Vegas,Nevada,United States
84.239.18.11,false,Septèmes-les-Vallons,Provence-Alpes-Côte d'Azur,France
37.19.223.199,false,Vienna,Vienna,Austria
185.253.98.17,false,London,England,United Kingdom
191.101.210.3,false,Sydney,New South Wales,Australia
188.214.125.66,false,Singapore,,Singapore
149.50.220.129,false,Marseille,Provence-Alpes-Côte d'Azur,France
87.249.132.179,false,Frankfurt am Main,Hesse,Germany
156.146.35.1,false,Tokyo,Tokyo,Japan
185.217.71.178,false,Milan,Lombardy,Italy
188.241.177.114,false,Miami,Florida,United States
223.252.16.130,false,Brisbane,Queensland,Australia
84.17.60.7,false,Paris,Île-de-France,France
146.70.59.4,false,Madrid,Madrid,Spain
87.249.132.170,false,Frankfurt am Main,Hesse,Germany
213.202.225.18,false,Essen,North Rhine-Westphalia,Germany
181.214.173.125,false,Berlin,State of Berlin,Germany
45.84.102.2,false,Dallas,Texas,United States
45.132.194.2,false,Šiauliai,Siauliai,Lithuania
45.132.194.14,false,Šiauliai,Siauliai,Lithuania
196.196.53.18,false,Riga,Riga,Latvia
37.120.142.162,false,Madrid,Madrid,Spain
98.159.36.15,false,Amsterdam,North Holland,Netherlands
84.17.49.91,false,Frankfurt am Main,Hesse,Germany
173.239.247.2,false,Singapore,,Singapore
95.181.232.14,false,Madrid,Madrid,Spain
181.214.206.1,false,Amsterdam,North Holland,Netherlands
2.58.173.129,false,Frankfurt am Main,Hesse,Germany
84.17.58.91,false,Milan,Lombardy,Italy
195.78.54.2,false,Amsterdam,North Holland,Netherlands
89.187.182.25,false,Chicago,Illinois,United States
188.214.125.34,false,Singapore,,Singapore
181.214.218.9,false,Brussels,Brussels Capital,Belgium
84.17.60.17,false,Paris,Île-de-France,France
66.56.82.1,false,Toronto,Ontario,Canada
77.81.142.160,false,Miami,Florida,United States
102.165.48.5,false,Washington,District of Columbia,United States
84.17.60.10,false,Paris,Île-de-France,France
191.101.217.3,false,Paris,Île-de-France,France
154.47.23.11,false,Tokyo,Tokyo,Japan
102.165.48.6,false,Washington,District of Columbia,United States
151.106.10.130,false,Strasbourg,Grand Est,France
181.214.173.35,false,Berlin,State of Berlin,Germany
87.249.132.172,false,Frankfurt am Main,Hesse,Germany
87.249.132.173,false,Frankfurt am Main,Hesse,Germany
146.70.52.226,false,Stockholm,Stockholm,Sweden
31.171.152.98,false,Tirana,Tirana,Albania
84.17.48.61,false,Frankfurt am Main,Hesse,Germany
191.96.150.6,false,New York City,New York,United States
146.70.10.2,false,Miami,Florida,United States
176.125.229.130,false,Pančevo,Vojvodina,Serbia
212.112.19.66,false,Oulu,North Ostrobothnia,Finland
194.32.122.16,false,Vilnius,Vilnius,Lithuania
91.90.120.2,false,Montréal,Quebec,Canada
146.70.10.40,false,Miami,Florida,United States
91.90.122.130,false,Zürich,Zurich,Switzerland
191.101.61.2,false,Las Vegas,Nevada,United States
156.146.35.26,false,Tokyo,Tokyo,Japan
191.101.31.6,false,Paris,Île-de-France,France
98.159.36.2,false,Amsterdam,North Holland,Netherlands
62.12.118.194,false,Nairobi,Nairobi County,Kenya
212.102.41.25,false,Dallas,Texas,United States
79.127.132.60,false,Ashburn,Virginia,United States
146.70.39.130,false,Miami,Florida,United States
154.47.18.153,false,Vienna,Vienna,Austria
98.159.41.2,false,Singapore,,Singapore
37.19.217.228,false,Paris,Île-de-France,France
87.249.132.176,false,Frankfurt am Main,Hesse,Germany
191.101.217.6,false,Paris,Île-de-France,France
95.181.236.130,false,Sofia,Sofia-Capital,Bulgaria
87.249.132.171,false,Frankfurt am Main,Hesse,Germany
95.181.239.130,false,Singapore,,Singapore
154.16.81.2,false,Sydney,New South Wales,Australia
173.239.203.9,false,Melbourne,Victoria,Australia
181.214.218.7,false,Brussels,Brussels Capital,Belgium
188.126.88.2,false,Oulu,North Ostrobothnia,Finland
79.127.132.1,false,Ashburn,Virginia,United States
62.133.47.130,false,Sofia,Sofia-Capital,Bulgaria
146.70.11.54,false,Miami,Florida,United States
154.47.30.1,false,Johannesburg,Gauteng,South Africa
84.17.49.1,false,Frankfurt am Main,Hesse,Germany
191.101.210.5,false,Sydney,New South Wales,Australia
84.17.45.97,false,Los Angeles,California,United States
173.244.49.26,false,Tokyo,Tokyo,Japan
84.239.49.4,false,Bucharest,București,Romania
84.247.105.4,false,Montréal,Quebec,Canada
140.228.21.2,false,Montréal,Quebec,Canada
181.214.218.8,false,Brussels,Brussels Capital,Belgium
146.70.52.242,false,Stockholm,Stockholm,Sweden
102.129.152.8,false,Miami,Florida,United States
45.133.173.34,false,Manchester,England,United Kingdom
146.70.133.146,false,Manchester,England,United Kingdom
84.17.35.26,false,New York City,New York,United States
64.64.98.2,false,Singapore,,Singapore
45.133.172.130,false,Manchester,England,United Kingdom
138.199.54.13,false,Milan,Lombardy,Italy
185.93.3.104,false,Madrid,Madrid,Spain
37.19.223.97,false,Vienna,Vienna,Austria
151.106.8.98,false,Strasbourg,Grand Est,France
84.17.60.9,false,Paris,Île-de-France,France
84.247.105.7,false,Montréal,Quebec,Canada
45.154.153.2,false,Miami,Florida,United States
95.181.235.159,false,Dubai,Dubai,United Arab Emirates
185.253.99.194,false,Madrid,Madrid,Spain
140.228.24.3,false,Montréal,Quebec,Canada
103.108.174.129,false,Singapore,,Singapore
95.181.233.130,false,Milan,Lombardy,Italy
84.17.48.181,false,Frankfurt am Main,Hesse,Germany
155.2.195.30,false,Dublin,Leinster,Ireland
89.187.171.130,false,Atlanta,Georgia,United States
84.17.60.8,false,Paris,Île-de-France,France
138.199.26.96,false,Paris,Île-de-France,France
181.214.218.2,false,Brussels,Brussels Capital,Belgium
196.245.54.2,false,Valencia,Valencia,Spain
45.132.194.51,false,Šiauliai,Siauliai,Lithuania
95.181.237.130,false,New York City,New York,United States
92.204.188.242,false,Strasbourg,Grand Est,France
84.17.43.1,false,Paris,Île-de-France,France
143.244.51.154,false,Los Angeles,California,United States
89.187.171.154,false,Atlanta,Georgia,United States
82.102.26.194,false,Madrid,Madrid,Spain
146.70.52.13,false,Stockholm,Stockholm,Sweden
188.214.122.34,false,Bucharest,București,Romania
95.134.63.3,false,Krombach,Bavaria,Germany
173.244.56.160,false,Phoenix,Arizona,United States
203.188.182.97,false,London,England,United Kingdom
84.17.49.61,false,Frankfurt am Main,Hesse,Germany
84.17.47.91,false,Amsterdam,North Holland,Netherlands
85.9.20.130,false,Bucharest,București,Romania
195.78.54.4,false,Amsterdam,North Holland,Netherlands
62.133.46.2,false,Dubai,Dubai,United Arab Emirates
91.90.121.178,false,Manchester,England,United Kingdom
138.199.26.110,false,Paris,Île-de-France,France
